date,home_team,away_team,home_score,away_score,city
2018,Russia,Saudi Arabia,5,0,Luzhniki Stadium Moscow
2018,Egypt,Uruguay,0,1,Ekaterinburg Arena Ekaterinburg
2018,Morocco,IR Iran,0,1,Saint Petersburg Stadium St. Petersburg
2018,Portugal,Spain,3,3,Fisht Stadium Sochi
2018,France,Australia,2,1,Kazan Arena Kazan
2018,Argentina,Iceland,1,1,Spartak Stadium Moscow
2018,Peru,Denmark,0,1,Mordovia Arena Saransk
2018,Croatia,Nigeria,2,0,Kaliningrad Stadium Kaliningrad
2018,Costa Rica,Serbia,0,1,Samara Arena Samara
2018,Germany,Mexico,0,1,Luzhniki Stadium Moscow
2018,Brazil,Switzerland,1,1,Rostov Arena Rostov-On-Don
2018,Sweden,Korea Republic,1,0,Nizhny Novgorod Stadium Nizhny Novgorod
2018,Belgium,Panama,3,0,Fisht Stadium Sochi
2018,Tunisia,England,1,2,Volgograd Arena Volgograd
2018,Colombia,Japan,1,2,Mordovia Arena Saransk
2018,Poland,Senegal,1,2,Spartak Stadium Moscow
2018,Russia,Egypt,3,1,Saint Petersburg Stadium St. Petersburg
2018,Portugal,Morocco,1,0,Luzhniki Stadium Moscow
2018,Uruguay,Saudi Arabia,1,0,Rostov Arena Rostov-On-Don
2018,IR Iran,Spain,0,1,Kazan Arena Kazan
2018,Denmark,Australia,1,1,Samara Arena Samara
2018,France,Peru,1,0,Ekaterinburg Arena Ekaterinburg
2018,Argentina,Croatia,0,3,Nizhny Novgorod Stadium Nizhny Novgorod
2018,Brazil,Costa Rica,2,0,Saint Petersburg Stadium St. Petersburg
2018,Nigeria,Iceland,2,0,Volgograd Arena Volgograd
2018,Serbia,Switzerland,1,2,Kaliningrad Stadium Kaliningrad
2018,Belgium,Tunisia,5,2,Spartak Stadium Moscow
2018,Korea Republic,Mexico,1,2,Rostov Arena Rostov-On-Don
2018,Germany,Sweden,2,1,Fisht Stadium Sochi
2018,England,Panama,6,1,Nizhny Novgorod Stadium Nizhny Novgorod
2018,Japan,Senegal,2,2,Ekaterinburg Arena Ekaterinburg
2018,Poland,Colombia,0,3,Kazan Arena Kazan
2018,Uruguay,Russia,3,0,Samara Arena Samara
2018,Saudi Arabia,Egypt,2,1,Volgograd Arena Volgograd
2018,Spain,Morocco,2,2,Kaliningrad Stadium Kaliningrad
2018,IR Iran,Portugal,1,1,Mordovia Arena Saransk
2018,Australia,Peru,0,2,Fisht Stadium Sochi
2018,Denmark,France,0,0,Luzhniki Stadium Moscow
2018,Nigeria,Argentina,1,2,Saint Petersburg Stadium St. Petersburg
2018,Iceland,Croatia,1,2,Rostov Arena Rostov-On-Don
2018,Korea Republic,Germany,2,0,Kazan Arena Kazan
2018,Mexico,Sweden,0,3,Ekaterinburg Arena Ekaterinburg
2018,Serbia,Brazil,0,2,Spartak Stadium Moscow
2018,Switzerland,Costa Rica,2,2,Nizhny Novgorod Stadium Nizhny Novgorod
2018,Japan,Poland,0,1,Volgograd Arena Volgograd
2018,Senegal,Colombia,0,1,Samara Arena Samara
2018,Panama,Tunisia,1,2,Mordovia Arena Saransk
2018,England,Belgium,0,1,Kaliningrad Stadium Kaliningrad
2018,France,Argentina,4,3,Kazan Arena Kazan
2018,Uruguay,Portugal,2,1,Fisht Stadium Sochi
2018,Spain,Russia,1,1,Luzhniki Stadium Moscow
2018,Croatia,Denmark,1,1,Nizhny Novgorod Stadium Nizhny Novgorod
2018,Brazil,Mexico,2,0,Samara Arena Samara
2018,Belgium,Japan,3,2,Rostov Arena Rostov-On-Don
2018,Sweden,Switzerland,1,0,Saint Petersburg Stadium St. Petersburg
2018,Colombia,England,1,1,Spartak Stadium Moscow
2018,Uruguay,France,0,2,Nizhny Novgorod Stadium Nizhny Novgorod
2018,Brazil,Belgium,1,2,Kazan Arena Kazan
2018,Sweden,England,0,2,Samara Arena Samara
2018,Russia,Croatia,2,2,Fisht Stadium Sochi
2018,France,Belgium,1,0,Saint Petersburg Stadium St. Petersburg
2018,Croatia,England,2,1,Luzhniki Stadium Moscow
2018,Belgium,England,2,0,Saint Petersburg Stadium St. Petersburg
2018,France,Croatia,4,2,Luzhniki Stadium Moscow
2014,Brazil,Croatia,3,1,Arena de Sao PauloSao Paulo
2014,Mexico,Cameroon,1,0,Estadio das DunasNatal
2014,Spain,Netherlands,1,5,Arena Fonte NovaSalvador
2014,Chile,Australia,3,1,Arena PantanalCuiaba
2014,Colombia,Greece,3,0,Estadio MineiraoBelo Horizonte
2014,Uruguay,Costa Rica,1,3,Estadio CastelaoFortaleza
2014,England,Italy,1,2,Arena AmazoniaManaus
2014,Côte d'Ivoire,Japan,2,1,Arena PernambucoRecife
2014,Switzerland,Ecuador,2,1,Estadio NacionalBrasilia
2014,France,Honduras,3,0,Estadio Beira-RioPorto Alegre
2014,Argentina,Bosnia and Herzegovina,2,1,Estadio do MaracanaRio De Janeiro
2014,Germany,Portugal,4,0,Arena Fonte NovaSalvador
2014,IR Iran,Nigeria,0,0,Arena da BaixadaCuritiba
2014,Ghana,USA,1,2,Estadio das DunasNatal
2014,Belgium,Algeria,2,1,Estadio MineiraoBelo Horizonte
2014,Brazil,Mexico,0,0,Estadio CastelaoFortaleza
2014,Russia,Korea Republic,1,1,Arena PantanalCuiaba
2014,Australia,Netherlands,2,3,Estadio Beira-RioPorto Alegre
2014,Spain,Chile,0,2,Estadio do MaracanaRio De Janeiro
2014,Cameroon,Croatia,0,4,Arena AmazoniaManaus
2014,Colombia,Côte d'Ivoire,2,1,Estadio NacionalBrasilia
2014,Uruguay,England,2,1,Arena de Sao PauloSao Paulo
2014,Japan,Greece,0,0,Estadio das DunasNatal
2014,Italy,Costa Rica,0,1,Arena PernambucoRecife
2014,Switzerland,France,2,5,Arena Fonte NovaSalvador
2014,Honduras,Ecuador,1,2,Arena da BaixadaCuritiba
2014,Argentina,IR Iran,1,0,Estadio MineiraoBelo Horizonte
2014,Germany,Ghana,2,2,Estadio CastelaoFortaleza
2014,Nigeria,Bosnia and Herzegovina,1,0,Arena PantanalCuiaba
2014,Belgium,Russia,1,0,Estadio do MaracanaRio De Janeiro
2014,Korea Republic,Algeria,2,4,Estadio Beira-RioPorto Alegre
2014,USA,Portugal,2,2,Arena AmazoniaManaus
2014,Australia,Spain,0,3,Arena da BaixadaCuritiba
2014,Netherlands,Chile,2,0,Arena de Sao PauloSao Paulo
2014,Cameroon,Brazil,1,4,Estadio NacionalBrasilia
2014,Croatia,Mexico,1,3,Arena PernambucoRecife
2014,Italy,Uruguay,0,1,Estadio das DunasNatal
2014,Costa Rica,England,0,0,Estadio MineiraoBelo Horizonte
2014,Japan,Colombia,1,4,Arena PantanalCuiaba
2014,Greece,Côte d'Ivoire,2,1,Estadio CastelaoFortaleza
2014,Nigeria,Argentina,2,3,Estadio Beira-RioPorto Alegre
2014,Bosnia and Herzegovina,IR Iran,3,1,Arena Fonte NovaSalvador
2014,Honduras,Switzerland,0,3,Arena AmazoniaManaus
2014,Ecuador,France,0,0,Estadio do MaracanaRio De Janeiro
2014,USA,Germany,0,1,Arena PernambucoRecife
2014,Portugal,Ghana,2,1,Estadio NacionalBrasilia
2014,Korea Republic,Belgium,0,1,Arena de Sao PauloSao Paulo
2014,Algeria,Russia,1,1,Arena da BaixadaCuritiba
2014,Brazil,Chile,1,1,Estadio MineiraoBelo Horizonte
2014,Colombia,Uruguay,2,0,Estadio do MaracanaRio De Janeiro
2014,Netherlands,Mexico,2,1,Estadio CastelaoFortaleza
2014,Costa Rica,Greece,1,1,Arena PernambucoRecife
2014,France,Nigeria,2,0,Estadio NacionalBrasilia
2014,Germany,Algeria,2,1,Estadio Beira-RioPorto Alegre
2014,Argentina,Switzerland,1,0,Arena de Sao PauloSao Paulo
2014,Belgium,USA,2,1,Arena Fonte NovaSalvador
2014,France,Germany,0,1,Estadio do MaracanaRio De Janeiro
2014,Brazil,Colombia,2,1,Estadio CastelaoFortaleza
2014,Argentina,Belgium,1,0,Estadio NacionalBrasilia
2014,Netherlands,Costa Rica,0,0,Arena Fonte NovaSalvador
2014,Brazil,Germany,1,7,Estadio MineiraoBelo Horizonte
2014,Netherlands,Argentina,0,0,Arena de Sao PauloSao Paulo
2014,Brazil,Netherlands,0,3,Estadio NacionalBrasilia
2014,Germany,Argentina,1,0,Estadio do MaracanaRio De Janeiro
2010,South Africa,Mexico,1,1,Soccer City StadiumJohannesburg
2010,Uruguay,France,0,0,Cape Town StadiumCape Town
2010,Korea Republic,Greece,2,0,Port Elizabeth StadiumNelson Mandela Bay/Port Elizabeth
2010,Argentina,Nigeria,1,0,Ellis Park StadiumJohannesburg
2010,England,USA,1,1,Royal Bafokeng Sports PalacePhokeng
2010,Algeria,Slovenia,0,1,Peter Mokaba StadiumPolokwane
2010,Serbia,Ghana,0,1,Loftus Versfeld StadiumTshwane/Pretoria
2010,Germany,Australia,4,0,Durban StadiumDurban
2010,Netherlands,Denmark,2,0,Soccer City StadiumJohannesburg
2010,Japan,Cameroon,1,0,Free State StadiumMangaung/Bloemfontein
2010,Italy,Paraguay,1,1,Cape Town StadiumCape Town
2010,New Zealand,Slovakia,1,1,Royal Bafokeng Sports PalacePhokeng
2010,Côte d'Ivoire,Portugal,0,0,Port Elizabeth StadiumNelson Mandela Bay/Port Elizabeth
2010,Brazil,Korea DPR,2,1,Ellis Park StadiumJohannesburg
2010,Honduras,Chile,0,1,Mbombela StadiumNelspruit
2010,Spain,Switzerland,0,1,Durban StadiumDurban
2010,South Africa,Uruguay,0,3,Loftus Versfeld StadiumTshwane/Pretoria
2010,Argentina,Korea Republic,4,1,Soccer City StadiumJohannesburg
2010,Greece,Nigeria,2,1,Free State StadiumMangaung/Bloemfontein
2010,France,Mexico,0,2,Peter Mokaba StadiumPolokwane
2010,Germany,Serbia,0,1,Port Elizabeth StadiumNelson Mandela Bay/Port Elizabeth
2010,Slovenia,USA,2,2,Ellis Park StadiumJohannesburg
2010,England,Algeria,0,0,Cape Town StadiumCape Town
2010,Netherlands,Japan,1,0,Durban StadiumDurban
2010,Ghana,Australia,1,1,Royal Bafokeng Sports PalacePhokeng
2010,Cameroon,Denmark,1,2,Loftus Versfeld StadiumTshwane/Pretoria
2010,Slovakia,Paraguay,0,2,Free State StadiumMangaung/Bloemfontein
2010,Italy,New Zealand,1,1,Mbombela StadiumNelspruit
2010,Brazil,Côte d'Ivoire,3,1,Soccer City StadiumJohannesburg
2010,Portugal,Korea DPR,7,0,Cape Town StadiumCape Town
2010,Chile,Switzerland,1,0,Port Elizabeth StadiumNelson Mandela Bay/Port Elizabeth
2010,Spain,Honduras,2,0,Ellis Park StadiumJohannesburg
2010,Mexico,Uruguay,0,1,Royal Bafokeng Sports PalacePhokeng
2010,France,South Africa,1,2,Free State StadiumMangaung/Bloemfontein
2010,Nigeria,Korea Republic,2,2,Durban StadiumDurban
2010,Greece,Argentina,0,2,Peter Mokaba StadiumPolokwane
2010,Slovenia,England,0,1,Port Elizabeth StadiumNelson Mandela Bay/Port Elizabeth
2010,USA,Algeria,1,0,Loftus Versfeld StadiumTshwane/Pretoria
2010,Ghana,Germany,0,1,Soccer City StadiumJohannesburg
2010,Australia,Serbia,2,1,Mbombela StadiumNelspruit
2010,Slovakia,Italy,3,2,Ellis Park StadiumJohannesburg
2010,Paraguay,New Zealand,0,0,Peter Mokaba StadiumPolokwane
2010,Denmark,Japan,1,3,Royal Bafokeng Sports PalacePhokeng
2010,Cameroon,Netherlands,1,2,Cape Town StadiumCape Town
2010,Portugal,Brazil,0,0,Durban StadiumDurban
2010,Korea DPR,Côte d'Ivoire,0,3,Mbombela StadiumNelspruit
2010,Chile,Spain,1,2,Loftus Versfeld StadiumTshwane/Pretoria
2010,Switzerland,Honduras,0,0,Free State StadiumMangaung/Bloemfontein
2010,Uruguay,Korea Republic,2,1,Port Elizabeth StadiumNelson Mandela Bay/Port Elizabeth
2010,USA,Ghana,1,2,Royal Bafokeng Sports PalacePhokeng
2010,Germany,England,4,1,Free State StadiumMangaung/Bloemfontein
2010,Argentina,Mexico,3,1,Soccer City StadiumJohannesburg
2010,Netherlands,Slovakia,2,1,Durban StadiumDurban
2010,Brazil,Chile,3,0,Ellis Park StadiumJohannesburg
2010,Paraguay,Japan,0,0,Loftus Versfeld StadiumTshwane/Pretoria
2010,Spain,Portugal,1,0,Cape Town StadiumCape Town
2010,Netherlands,Brazil,2,1,Port Elizabeth StadiumNelson Mandela Bay/Port Elizabeth
2010,Uruguay,Ghana,1,1,Soccer City StadiumJohannesburg
2010,Argentina,Germany,0,4,Cape Town StadiumCape Town
2010,Paraguay,Spain,0,1,Ellis Park StadiumJohannesburg
2010,Uruguay,Netherlands,2,3,Cape Town StadiumCape Town
2010,Germany,Spain,0,1,Durban StadiumDurban
2010,Uruguay,Germany,2,3,Port Elizabeth StadiumNelson Mandela Bay/Port Elizabeth
2010,Netherlands,Spain,0,1,Soccer City StadiumJohannesburg
2006,Germany,Costa Rica,4,2,"FIFA World Cup Stadium, MunichMunich"
2006,Poland,Ecuador,0,2,"FIFA World Cup Stadium, GelsenkirchenGelsenkirchen"
2006,England,Paraguay,1,0,"FIFA World Cup Stadium, FrankfurtFrankfurt/Main"
2006,Trinidad and Tobago,Sweden,0,0,"FIFA World Cup Stadium, DortmundDortmund"
2006,Argentina,Côte d'Ivoire,2,1,"FIFA World Cup Stadium, HamburgHamburg"
2006,Serbia and Montenegro,Netherlands,0,1,ZentralstadionLeipzig
2006,Mexico,IR Iran,3,1,Franken-StadionNuremberg
2006,Angola,Portugal,0,1,"FIFA World Cup Stadium, CologneCologne"
2006,Australia,Japan,3,1,Fritz-Walter-StadionKaiserslautern
2006,USA,Czech Republic,0,3,"FIFA World Cup Stadium, GelsenkirchenGelsenkirchen"
2006,Italy,Ghana,2,0,"FIFA World Cup Stadium, HanoverHanover"
2006,Korea Republic,Togo,2,1,"FIFA World Cup Stadium, FrankfurtFrankfurt/Main"
2006,France,Switzerland,0,0,Gottlieb-Daimler-StadionStuttgart
2006,Brazil,Croatia,1,0,OlympiastadionBerlin
2006,Spain,Ukraine,4,0,ZentralstadionLeipzig
2006,Tunisia,Saudi Arabia,2,2,"FIFA World Cup Stadium, MunichMunich"
2006,Germany,Poland,1,0,"FIFA World Cup Stadium, DortmundDortmund"
2006,Ecuador,Costa Rica,3,0,"FIFA World Cup Stadium, HamburgHamburg"
2006,England,Trinidad and Tobago,2,0,Franken-StadionNuremberg
2006,Sweden,Paraguay,1,0,OlympiastadionBerlin
2006,Argentina,Serbia and Montenegro,6,0,"FIFA World Cup Stadium, GelsenkirchenGelsenkirchen"
2006,Netherlands,Côte d'Ivoire,2,1,Gottlieb-Daimler-StadionStuttgart
2006,Mexico,Angola,0,0,"FIFA World Cup Stadium, HanoverHanover"
2006,Portugal,IR Iran,2,0,"FIFA World Cup Stadium, FrankfurtFrankfurt/Main"
2006,Czech Republic,Ghana,0,2,"FIFA World Cup Stadium, CologneCologne"
2006,Italy,USA,1,1,Fritz-Walter-StadionKaiserslautern
2006,Japan,Croatia,0,0,Franken-StadionNuremberg
2006,Brazil,Australia,2,0,"FIFA World Cup Stadium, MunichMunich"
2006,France,Korea Republic,1,1,ZentralstadionLeipzig
2006,Togo,Switzerland,0,2,"FIFA World Cup Stadium, DortmundDortmund"
2006,Saudi Arabia,Ukraine,0,4,"FIFA World Cup Stadium, HamburgHamburg"
2006,Spain,Tunisia,3,1,Gottlieb-Daimler-StadionStuttgart
2006,Ecuador,Germany,0,3,OlympiastadionBerlin
2006,Costa Rica,Poland,1,2,"FIFA World Cup Stadium, HanoverHanover"
2006,Sweden,England,2,2,"FIFA World Cup Stadium, CologneCologne"
2006,Paraguay,Trinidad and Tobago,2,0,Fritz-Walter-StadionKaiserslautern
2006,IR Iran,Angola,1,1,ZentralstadionLeipzig
2006,Portugal,Mexico,2,1,"FIFA World Cup Stadium, GelsenkirchenGelsenkirchen"
2006,Netherlands,Argentina,0,0,"FIFA World Cup Stadium, FrankfurtFrankfurt/Main"
2006,Côte d'Ivoire,Serbia and Montenegro,3,2,"FIFA World Cup Stadium, MunichMunich"
2006,Czech Republic,Italy,0,2,"FIFA World Cup Stadium, HamburgHamburg"
2006,Ghana,USA,2,1,Franken-StadionNuremberg
2006,Japan,Brazil,1,4,"FIFA World Cup Stadium, DortmundDortmund"
2006,Croatia,Australia,2,2,Gottlieb-Daimler-StadionStuttgart
2006,Ukraine,Tunisia,1,0,OlympiastadionBerlin
2006,Saudi Arabia,Spain,0,1,Fritz-Walter-StadionKaiserslautern
2006,Togo,France,0,2,"FIFA World Cup Stadium, CologneCologne"
2006,Switzerland,Korea Republic,2,0,"FIFA World Cup Stadium, HanoverHanover"
2006,Germany,Sweden,2,0,"FIFA World Cup Stadium, MunichMunich"
2006,Argentina,Mexico,2,1,ZentralstadionLeipzig
2006,England,Ecuador,1,0,Gottlieb-Daimler-StadionStuttgart
2006,Portugal,Netherlands,1,0,Franken-StadionNuremberg
2006,Italy,Australia,1,0,Fritz-Walter-StadionKaiserslautern
2006,Switzerland,Ukraine,0,0,"FIFA World Cup Stadium, CologneCologne"
2006,Brazil,Ghana,3,0,"FIFA World Cup Stadium, DortmundDortmund"
2006,Spain,France,1,3,"FIFA World Cup Stadium, HanoverHanover"
2006,Germany,Argentina,1,1,OlympiastadionBerlin
2006,Italy,Ukraine,3,0,"FIFA World Cup Stadium, HamburgHamburg"
2006,England,Portugal,0,0,"FIFA World Cup Stadium, GelsenkirchenGelsenkirchen"
2006,Brazil,France,0,1,"FIFA World Cup Stadium, FrankfurtFrankfurt/Main"
2006,Germany,Italy,0,2,"FIFA World Cup Stadium, DortmundDortmund"
2006,Portugal,France,0,1,"FIFA World Cup Stadium, MunichMunich"
2006,Germany,Portugal,3,1,Gottlieb-Daimler-StadionStuttgart
2006,Italy,France,1,1,OlympiastadionBerlin
2002,France,Senegal,0,1,Seoul World Cup StadiumSeoul
2002,Uruguay,Denmark,1,2,Munsu Football StadiumUlsan
2002,Republic of Ireland,Cameroon,1,1,Niigata Stadium Big SwanNiigata
2002,Germany,Saudi Arabia,8,0,Sapporo DomeSapporo
2002,Argentina,Nigeria,1,0,Kashima StadiumIbaraki
2002,Paraguay,South Africa,2,2,Busan Asiad Main StadiumBusan
2002,England,Sweden,1,1,Saitama Stadium 2002Saitama
2002,Spain,Slovenia,3,1,Gwangju World Cup StadiumGwangju
2002,Brazil,Turkey,2,1,Munsu Football StadiumUlsan
2002,Italy,Ecuador,2,0,Sapporo DomeSapporo
2002,Croatia,Mexico,0,1,Denka Big Swan StadiumNiigata
2002,China PR,Costa Rica,0,2,Gwangju World Cup StadiumGwangju
2002,Japan,Belgium,2,2,Saitama Stadium 2002Saitama
2002,Korea Republic,Poland,2,0,Busan Asiad Main StadiumBusan
2002,Russia,Tunisia,2,0,Kobe Wing StadiumKobe
2002,USA,Portugal,3,2,Suwon World Cup StadiumSuwon
2002,Germany,Republic of Ireland,1,1,Kashima StadiumIbaraki
2002,Denmark,Senegal,1,1,Daegu World Cup StadiumDaegu
2002,Cameroon,Saudi Arabia,1,0,Saitama Stadium 2002Saitama
2002,France,Uruguay,0,0,Busan Asiad Main StadiumBusan
2002,Sweden,Nigeria,2,1,Kobe Wing StadiumKobe
2002,Argentina,England,0,1,Sapporo DomeSapporo
2002,Spain,Paraguay,3,1,Jeonju World Cup StadiumJeonju
2002,South Africa,Slovenia,1,0,Daegu World Cup StadiumDaegu
2002,Brazil,China PR,4,0,Jeju World Cup StadiumJeju
2002,Italy,Croatia,1,2,Kashima StadiumIbaraki
2002,Costa Rica,Turkey,1,1,Incheon Football StadiumIncheon
2002,Japan,Russia,1,0,International Stadium YokohamaYokohama
2002,Mexico,Ecuador,2,1,Miyagi StadiumRifu
2002,Korea Republic,USA,1,1,Daegu World Cup StadiumDaegu
2002,Portugal,Poland,4,0,Jeonju World Cup StadiumJeonju
2002,Tunisia,Belgium,1,1,Oita Stadium Big EyeOita
2002,Denmark,France,2,0,Incheon Football StadiumIncheon
2002,Senegal,Uruguay,3,3,Suwon World Cup StadiumSuwon
2002,Saudi Arabia,Republic of Ireland,0,3,International Stadium YokohamaYokohama
2002,Cameroon,Germany,0,2,Shizuoka Stadium EcopaShizuoka
2002,Sweden,Argentina,1,1,Miyagi StadiumRifu
2002,Nigeria,England,0,0,Osaka Nagai StadiumOsaka
2002,Slovenia,Paraguay,1,3,Jeju World Cup StadiumJeju
2002,South Africa,Spain,2,3,Daejeon World Cup StadiumDaejeon
2002,Costa Rica,Brazil,2,5,Suwon World Cup StadiumSuwon
2002,Turkey,China PR,3,0,Seoul World Cup StadiumSeoul
2002,Ecuador,Croatia,1,0,International Stadium YokohamaYokohama
2002,Mexico,Italy,1,1,Oita Stadium Big EyeOita
2002,Tunisia,Japan,0,2,Osaka Nagai StadiumOsaka
2002,Portugal,Korea Republic,0,1,Incheon Football StadiumIncheon
2002,Poland,USA,3,1,Daejeon World Cup StadiumDaejeon
2002,Belgium,Russia,3,2,Shizuoka Stadium EcopaShizuoka
2002,Denmark,England,0,3,Niigata Stadium Big SwanNiigata
2002,Germany,Paraguay,1,0,Jeju World Cup StadiumJeju
2002,Spain,Republic of Ireland,1,1,Suwon World Cup StadiumSuwon
2002,Sweden,Senegal,1,2,Oita Stadium Big EyeOita
2002,Brazil,Belgium,2,0,Kobe Wing StadiumKobe
2002,Mexico,USA,0,2,Jeonju World Cup StadiumJeonju
2002,Japan,Turkey,0,1,Miyagi StadiumRifu
2002,Korea Republic,Italy,2,1,Daejeon World Cup StadiumDaejeon
2002,England,Brazil,1,2,Shizuoka Stadium EcopaShizuoka
2002,Germany,USA,1,0,Munsu Football StadiumUlsan
2002,Senegal,Turkey,0,1,Osaka Nagai StadiumOsaka
2002,Spain,Korea Republic,0,0,Gwangju World Cup StadiumGwangju
2002,Germany,Korea Republic,1,0,Seoul World Cup StadiumSeoul
2002,Brazil,Turkey,1,0,Saitama Stadium 2002Saitama
2002,Korea Republic,Turkey,2,3,Daegu World Cup StadiumDaegu
2002,Germany,Brazil,0,2,International Stadium YokohamaYokohama
1998,Brazil,Scotland,2,1,Stade de FranceSaint-Denis
1998,Morocco,Norway,2,2,La MossonMontpellier
1998,Italy,Chile,2,2,Stade du Parc LescureBordeaux
1998,Cameroon,Austria,1,1,Stade MunicipalToulouse
1998,Paraguay,Bulgaria,0,0,La MossonMontpellier
1998,Saudi Arabia,Denmark,0,1,Stade Felix BollaertLens
1998,France,South Africa,3,0,Stade VélodromeMarseilles
1998,Spain,Nigeria,2,3,La BeaujoireNantes
1998,Korea Republic,Mexico,1,3,Stade de GerlandLyon
1998,Netherlands,Belgium,0,0,Stade de FranceSaint-Denis
1998,Argentina,Japan,1,0,Stade MunicipalToulouse
1998,Yugoslavia,Iran,1,0,Stade Geoffroy GuichardSaint-Etienne
1998,Jamaica,Croatia,1,3,Stade Felix BollaertLens
1998,England,Tunisia,2,0,Stade VélodromeMarseilles
1998,Romania,Colombia,1,0,Stade de GerlandLyon
1998,Germany,USA,2,0,Parc des PrincesParis
1998,Scotland,Norway,1,1,Stade du Parc LescureBordeaux
1998,Brazil,Morocco,3,0,La BeaujoireNantes
1998,Chile,Austria,1,1,Stade Geoffroy GuichardSaint-Etienne
1998,Italy,Cameroon,3,0,La MossonMontpellier
1998,South Africa,Denmark,1,1,Stade MunicipalToulouse
1998,France,Saudi Arabia,4,0,Stade de FranceSaint-Denis
1998,Nigeria,Bulgaria,1,0,Parc des PrincesParis
1998,Spain,Paraguay,0,0,Stade Geoffroy GuichardSaint-Etienne
1998,Japan,Croatia,0,1,La BeaujoireNantes
1998,Belgium,Mexico,2,2,Stade du Parc LescureBordeaux
1998,Netherlands,Korea Republic,5,0,Stade VélodromeMarseilles
1998,Germany,Yugoslavia,2,2,Stade Felix BollaertLens
1998,Argentina,Jamaica,5,0,Parc des PrincesParis
1998,USA,Iran,1,2,Stade de GerlandLyon
1998,Colombia,Tunisia,1,0,La MossonMontpellier
1998,Romania,England,2,1,Stade MunicipalToulouse
1998,Italy,Austria,2,1,Stade de FranceSaint-Denis
1998,Chile,Cameroon,1,1,La BeaujoireNantes
1998,Scotland,Morocco,0,3,Stade Geoffroy GuichardSaint-Etienne
1998,Brazil,Norway,1,2,Stade VélodromeMarseilles
1998,France,Denmark,2,1,Stade de GerlandLyon
1998,South Africa,Saudi Arabia,2,2,Stade du Parc LescureBordeaux
1998,Spain,Bulgaria,6,1,Stade Felix BollaertLens
1998,Nigeria,Paraguay,1,3,Stade MunicipalToulouse
1998,Belgium,Korea Republic,1,1,Parc des PrincesParis
1998,Netherlands,Mexico,2,2,Stade Geoffroy GuichardSaint-Etienne
1998,Germany,Iran,2,0,La MossonMontpellier
1998,USA,Yugoslavia,0,1,La BeaujoireNantes
1998,Japan,Jamaica,1,2,Stade de GerlandLyon
1998,Argentina,Croatia,1,0,Stade du Parc LescureBordeaux
1998,Romania,Tunisia,1,1,Stade de FranceSaint-Denis
1998,Colombia,England,0,2,Stade Felix BollaertLens
1998,Italy,Norway,1,0,Stade VélodromeMarseilles
1998,Brazil,Chile,4,1,Parc des PrincesParis
1998,France,Paraguay,1,0,Stade Felix BollaertLens
1998,Nigeria,Denmark,1,4,Stade de FranceSaint-Denis
1998,Germany,Mexico,2,1,La MossonMontpellier
1998,Netherlands,Yugoslavia,2,1,Stade MunicipalToulouse
1998,Romania,Croatia,0,1,Stade du Parc LescureBordeaux
1998,Argentina,England,2,2,Stade Geoffroy GuichardSaint-Etienne
1998,Italy,France,0,0,Stade de FranceSaint-Denis
1998,Brazil,Denmark,3,2,La BeaujoireNantes
1998,Netherlands,Argentina,2,1,Stade VélodromeMarseilles
1998,Germany,Croatia,0,3,Stade de GerlandLyon
1998,Brazil,Netherlands,1,1,Stade VélodromeMarseilles
1998,France,Croatia,2,1,Stade de FranceSaint-Denis
1998,Netherlands,Croatia,1,2,Parc des PrincesParis
1998,Brazil,France,0,3,Stade de FranceSaint-Denis
1994,Spain,Korea Republic,2,2,Cotton BowlDallas
1994,Germany,Bolivia,1,0,Soldier FieldChicago
1994,USA,Switzerland,1,1,Pontiac SilverdomeDetroit
1994,Italy,Republic of Ireland,0,1,Giants StadiumNew York/New Jersey
1994,Colombia,Romania,1,3,Rose BowlLos Angeles
1994,Belgium,Morocco,1,0,Citrus BowlOrlando
1994,Norway,Mexico,1,0,RFK StadiumWashington Dc
1994,Cameroon,Sweden,2,2,Rose BowlLos Angeles
1994,Netherlands,Saudi Arabia,2,1,RFK StadiumWashington Dc
1994,Brazil,Russia,2,0,Stanford StadiumSan Francisco
1994,Argentina,Greece,4,0,Foxboro StadiumBoston
1994,Nigeria,Bulgaria,3,0,Cotton BowlDallas
1994,Germany,Spain,1,1,Soldier FieldChicago
1994,Romania,Switzerland,1,4,Pontiac SilverdomeDetroit
1994,USA,Colombia,2,1,Rose BowlLos Angeles
1994,Italy,Norway,1,0,Giants StadiumNew York/New Jersey
1994,Korea Republic,Bolivia,0,0,Foxboro StadiumBoston
1994,Mexico,Republic of Ireland,2,1,Citrus BowlOrlando
1994,Sweden,Russia,3,1,Pontiac SilverdomeDetroit
1994,Brazil,Cameroon,3,0,Stanford StadiumSan Francisco
1994,Belgium,Netherlands,1,0,Citrus BowlOrlando
1994,Saudi Arabia,Morocco,2,1,Giants StadiumNew York/New Jersey
1994,Argentina,Nigeria,2,1,Foxboro StadiumBoston
1994,Bulgaria,Greece,4,0,Soldier FieldChicago
1994,USA,Romania,0,1,Rose BowlLos Angeles
1994,Switzerland,Colombia,0,2,Stanford StadiumSan Francisco
1994,Germany,Korea Republic,3,2,Cotton BowlDallas
1994,Bolivia,Spain,1,3,Soldier FieldChicago
1994,Republic of Ireland,Norway,0,0,Giants StadiumNew York/New Jersey
1994,Brazil,Sweden,1,1,Pontiac SilverdomeDetroit
1994,Italy,Mexico,1,1,RFK StadiumWashington Dc
1994,Russia,Cameroon,6,1,Stanford StadiumSan Francisco
1994,Morocco,Netherlands,1,2,Citrus BowlOrlando
1994,Belgium,Saudi Arabia,0,1,RFK StadiumWashington Dc
1994,Greece,Nigeria,0,2,Foxboro StadiumBoston
1994,Argentina,Bulgaria,0,2,Cotton BowlDallas
1994,Germany,Belgium,3,2,Soldier FieldChicago
1994,Spain,Switzerland,3,0,RFK StadiumWashington Dc
1994,Saudi Arabia,Sweden,1,3,Cotton BowlDallas
1994,Romania,Argentina,3,2,Rose BowlLos Angeles
1994,Netherlands,Republic of Ireland,2,0,Citrus BowlOrlando
1994,Brazil,USA,1,0,Stanford StadiumSan Francisco
1994,Nigeria,Italy,1,2,Foxboro StadiumBoston
1994,Mexico,Bulgaria,1,1,Giants StadiumNew York/New Jersey
1994,Italy,Spain,2,1,Foxboro StadiumBoston
1994,Netherlands,Brazil,2,3,Cotton BowlDallas
1994,Bulgaria,Germany,2,1,Giants StadiumNew York/New Jersey
1994,Romania,Sweden,2,2,Stanford StadiumSan Francisco
1994,Bulgaria,Italy,1,2,Giants StadiumNew York/New Jersey
1994,Sweden,Brazil,0,1,Rose BowlLos Angeles
1994,Sweden,Bulgaria,4,0,Rose BowlLos Angeles
1994,Brazil,Italy,0,0,Rose BowlLos Angeles
1990,Argentina,Cameroon,0,1,Stadio Giuseppe MeazzaMilan
1990,Soviet Union,Romania,0,2,Stadio San NicolaBari
1990,United Arab Emirates,Colombia,0,2,Renato Dall AraBologna
1990,Italy,Austria,1,0,Stadio OlimpicoRome
1990,USA,Czechoslovakia,1,5,ComunaleFlorence
1990,Brazil,Sweden,2,1,Stadio delle AlpiTurin
1990,Germany FR,Yugoslavia,4,1,Giuseppe MeazzaMilan
1990,Costa Rica,Scotland,1,0,Luigi FerrarisGenoa
1990,England,Republic of Ireland,1,1,Sant EliaCagliari
1990,Belgium,Korea Republic,2,0,Marc Antonio BentegodiVerona
1990,Netherlands,Egypt,1,1,Della FavoritaPalermo
1990,Uruguay,Spain,0,0,Dacia ArenaUdine
1990,Argentina,Soviet Union,2,0,San PaoloNaples
1990,Cameroon,Romania,2,1,Stadio San NicolaBari
1990,Yugoslavia,Colombia,1,0,Renato Dall AraBologna
1990,Italy,USA,1,0,Stadio OlimpicoRome
1990,Austria,Czechoslovakia,0,1,ComunaleFlorence
1990,Germany FR,United Arab Emirates,5,1,Stadio Giuseppe MeazzaMilan
1990,Brazil,Costa Rica,1,0,Stadio delle AlpiTurin
1990,Sweden,Scotland,1,2,Luigi FerrarisGenoa
1990,England,Netherlands,0,0,Sant EliaCagliari
1990,Republic of Ireland,Egypt,0,0,Della FavoritaPalermo
1990,Korea Republic,Spain,1,3,Dacia ArenaUdine
1990,Belgium,Uruguay,3,1,Marc Antonio BentegodiVerona
1990,Argentina,Romania,1,1,San PaoloNaples
1990,Cameroon,Soviet Union,0,4,Stadio San NicolaBari
1990,Germany FR,Colombia,1,1,Stadio Giuseppe MeazzaMilan
1990,Yugoslavia,United Arab Emirates,4,1,Renato Dall AraBologna
1990,Italy,Czechoslovakia,2,0,Stadio OlimpicoRome
1990,Austria,USA,2,1,ComunaleFlorence
1990,Brazil,Scotland,1,0,Stadio delle AlpiTurin
1990,Sweden,Costa Rica,1,2,Luigi FerrarisGenoa
1990,Korea Republic,Uruguay,0,1,Dacia ArenaUdine
1990,Belgium,Spain,1,2,Marc Antonio BentegodiVerona
1990,Republic of Ireland,Netherlands,1,1,Della FavoritaPalermo
1990,England,Egypt,1,0,Sant EliaCagliari
1990,Cameroon,Colombia,2,1,San PaoloNaples
1990,Czechoslovakia,Costa Rica,4,1,Stadio San NicolaBari
1990,Brazil,Argentina,0,1,Stadio delle AlpiTurin
1990,Germany FR,Netherlands,2,1,Stadio Giuseppe MeazzaMilan
1990,Republic of Ireland,Romania,0,0,Luigi FerrarisGenoa
1990,Italy,Uruguay,2,0,Stadio OlimpicoRome
1990,Spain,Yugoslavia,1,2,Marc Antonio BentegodiVerona
1990,England,Belgium,1,0,Renato Dall AraBologna
1990,Yugoslavia,Argentina,0,0,ComunaleFlorence
1990,Italy,Republic of Ireland,1,0,Stadio OlimpicoRome
1990,Germany FR,Czechoslovakia,1,0,Stadio Giuseppe MeazzaMilan
1990,England,Cameroon,3,2,San PaoloNaples
1990,Italy,Argentina,1,1,San PaoloNaples
1990,Germany FR,England,1,1,Stadio delle AlpiTurin
1990,Italy,England,2,1,Stadio San NicolaBari
1990,Germany FR,Argentina,1,0,Stadio OlimpicoRome
1986,Bulgaria,Italy,1,1,Estadio AztecaMexico City
1986,Canada,France,0,1,Nou Camp - Estadio LeónLeon
1986,Spain,Brazil,0,1,JaliscoGuadalajara
1986,Soviet Union,Hungary,6,0,Estadio IrapuatoIrapuato
1986,Argentina,Korea Republic,3,1,Estadio Olímpico UniversitarioMexico City
1986,Morocco,Poland,0,0,Estadio UniversitarioMonterrey
1986,Algeria,Northern Ireland,1,1,Tres de MarzoGuadalajara
1986,Belgium,Mexico,1,2,Estadio AztecaMexico City
1986,Portugal,England,1,0,TecnologicoMonterrey
1986,Paraguay,Iraq,1,0,Bombonera - Estadio Nemesio DiezToluca
1986,Scotland,Denmark,0,1,NezaNezahualcoyotl
1986,Uruguay,Germany FR,1,1,Estadio CorregidoraQueretaro
1986,Italy,Argentina,1,1,CuauhtemocPuebla
1986,France,Soviet Union,1,1,Nou Camp - Estadio LeónLeon
1986,Korea Republic,Bulgaria,1,1,Estadio Olímpico UniversitarioMexico City
1986,Hungary,Canada,2,0,Estadio IrapuatoIrapuato
1986,Brazil,Algeria,1,0,JaliscoGuadalajara
1986,England,Morocco,0,0,TecnologicoMonterrey
1986,Northern Ireland,Spain,1,2,Tres de MarzoGuadalajara
1986,Mexico,Paraguay,1,1,Estadio AztecaMexico City
1986,Poland,Portugal,1,0,Estadio UniversitarioMonterrey
1986,Iraq,Belgium,1,2,Bombonera - Estadio Nemesio DiezToluca
1986,Denmark,Uruguay,6,1,NezaNezahualcoyotl
1986,Germany FR,Scotland,2,1,Estadio CorregidoraQueretaro
1986,Hungary,France,0,3,Nou Camp - Estadio LeónLeon
1986,Soviet Union,Canada,2,0,Estadio IrapuatoIrapuato
1986,Korea Republic,Italy,2,3,CuauhtemocPuebla
1986,Argentina,Bulgaria,2,0,Estadio Olímpico UniversitarioMexico City
1986,Paraguay,Belgium,2,2,Bombonera - Estadio Nemesio DiezToluca
1986,Iraq,Mexico,0,1,Estadio AztecaMexico City
1986,Portugal,Morocco,1,3,Tres de MarzoGuadalajara
1986,England,Poland,3,0,TecnologicoMonterrey
1986,Northern Ireland,Brazil,0,3,JaliscoGuadalajara
1986,Algeria,Spain,0,3,TecnologicoMonterrey
1986,Scotland,Uruguay,0,0,NezaNezahualcoyotl
1986,Denmark,Germany FR,2,0,Estadio CorregidoraQueretaro
1986,Soviet Union,Belgium,3,4,Nou Camp - Estadio LeónLeon
1986,Mexico,Bulgaria,2,0,Estadio AztecaMexico City
1986,Argentina,Uruguay,1,0,CuauhtemocPuebla
1986,Brazil,Poland,4,0,JaliscoGuadalajara
1986,Italy,France,0,2,Estadio Olímpico UniversitarioMexico City
1986,Morocco,Germany FR,0,1,Estadio UniversitarioMonterrey
1986,England,Paraguay,3,0,Estadio AztecaMexico City
1986,Denmark,Spain,1,5,Estadio CorregidoraQueretaro
1986,Brazil,France,1,1,JaliscoGuadalajara
1986,Germany FR,Mexico,0,0,Estadio UniversitarioMonterrey
1986,Spain,Belgium,1,1,CuauhtemocPuebla
1986,Argentina,England,2,1,Estadio AztecaMexico City
1986,France,Germany FR,0,2,JaliscoGuadalajara
1986,Argentina,Belgium,2,0,Estadio AztecaMexico City
1986,France,Belgium,4,2,CuauhtemocPuebla
1986,Argentina,Germany FR,3,2,Estadio AztecaMexico City
1982,Argentina,Belgium,0,1,Camp NouBarcelona
1982,Italy,Poland,0,0,Estadio Municipal de BalaídosVigo
1982,Brazil,Soviet Union,2,1,Ramon Sanchez PizjuanSeville
1982,Peru,Cameroon,0,0,RiazorLa CoruñA
1982,Hungary,El Salvador,1,-,Nuevo EstadioElche
1982,Scotland,New Zealand,5,2,La RosaledaMalaga
1982,Germany FR,Algeria,1,2,El MolinonGijon
1982,England,France,3,1,San MamesBilbao
1982,Spain,Honduras,1,1,Luis CasanovaValencia
1982,Chile,Austria,0,1,Carlos TartiereOviedo
1982,Czechoslovakia,Kuwait,1,1,Jose ZorrillaValladolid
1982,Yugoslavia,Northern Ireland,0,0,La RomaredaZaragoza
1982,Italy,Peru,1,1,Estadio Municipal de BalaídosVigo
1982,Argentina,Hungary,4,1,Jose Rico PerezAlicante
1982,Brazil,Scotland,4,1,Benito VillamarinSeville
1982,Poland,Cameroon,0,0,RiazorLa CoruñA
1982,Belgium,El Salvador,1,0,Nuevo EstadioElche
1982,Soviet Union,New Zealand,3,0,La RosaledaMalaga
1982,Germany FR,Chile,4,1,El MolinonGijon
1982,England,Czechoslovakia,2,0,San MamesBilbao
1982,Spain,Yugoslavia,2,1,Luis CasanovaValencia
1982,Algeria,Austria,0,2,Carlos TartiereOviedo
1982,France,Kuwait,4,1,Jose ZorrillaValladolid
1982,Honduras,Northern Ireland,1,1,La RomaredaZaragoza
1982,Poland,Peru,5,1,RiazorLa CoruñA
1982,Belgium,Hungary,1,1,Nuevo EstadioElche
1982,Soviet Union,Scotland,2,2,La RosaledaMalaga
1982,Italy,Cameroon,1,1,Estadio Municipal de BalaídosVigo
1982,Argentina,El Salvador,2,0,Jose Rico PerezAlicante
1982,Brazil,New Zealand,4,0,Benito VillamarinSeville
1982,Algeria,Chile,3,2,Carlos TartiereOviedo
1982,France,Czechoslovakia,1,1,Jose ZorrillaValladolid
1982,Honduras,Yugoslavia,0,1,La RomaredaZaragoza
1982,Germany FR,Austria,1,0,El MolinonGijon
1982,England,Kuwait,1,0,San MamesBilbao
1982,Northern Ireland,Spain,1,0,Luis CasanovaValencia
1982,Austria,France,0,1,Vicente CalderonMadrid
1982,Poland,Belgium,3,0,Camp NouBarcelona
1982,Italy,Argentina,2,1,SarriaBarcelona
1982,Germany FR,England,0,0,Santiago BernabeuMadrid
1982,Austria,Northern Ireland,2,2,Vicente CalderonMadrid
1982,Belgium,Soviet Union,0,1,Camp NouBarcelona
1982,Argentina,Brazil,1,3,SarriaBarcelona
1982,Germany FR,Spain,2,1,Santiago BernabeuMadrid
1982,France,Northern Ireland,4,1,Vicente CalderonMadrid
1982,Poland,Soviet Union,0,0,Camp NouBarcelona
1982,Italy,Brazil,3,2,SarriaBarcelona
1982,Spain,England,0,0,Santiago BernabeuMadrid
1982,Poland,Italy,0,2,Camp NouBarcelona
1982,Germany FR,France,3,3,Ramon Sanchez PizjuanSeville
1982,Poland,France,3,2,Jose Rico PerezAlicante
1982,Italy,Germany FR,3,1,Santiago BernabeuMadrid
1978,Germany FR,Poland,0,0,El Monumental - Estadio Monumental Antonio VespuciBuenos Aires
1978,Italy,France,2,1,Estadio José María MinellaMar Del Plata
1978,Tunisia,Mexico,3,1,Arroyito - Estadio Dr. Lisandro de la TorreRosario
1978,Argentina,Hungary,2,1,El Monumental - Estadio Monumental Antonio VespuciBuenos Aires
1978,Sweden,Brazil,1,1,Estadio José María MinellaMar Del Plata
1978,Austria,Spain,2,1,Jose AmalfitaniBuenos Aires
1978,Peru,Scotland,3,1,Estadio Olímpico Chateau CarrerasCordoba
1978,Netherlands,IR Iran,3,0,San MartinMendoza
1978,Italy,Hungary,3,1,Estadio José María MinellaMar Del Plata
1978,Poland,Tunisia,1,0,Arroyito - Estadio Dr. Lisandro de la TorreRosario
1978,Germany FR,Mexico,6,0,Estadio Olímpico Chateau CarrerasCordoba
1978,Argentina,France,2,1,El Monumental - Estadio Monumental Antonio VespuciBuenos Aires
1978,Brazil,Spain,0,0,Estadio José María MinellaMar Del Plata
1978,Austria,Sweden,1,0,Jose AmalfitaniBuenos Aires
1978,Scotland,IR Iran,1,1,Estadio Olímpico Chateau CarrerasCordoba
1978,Netherlands,Peru,0,0,San MartinMendoza
1978,France,Hungary,3,1,Estadio José María MinellaMar Del Plata
1978,Poland,Mexico,3,1,Arroyito - Estadio Dr. Lisandro de la TorreRosario
1978,Germany FR,Tunisia,0,0,Estadio Olímpico Chateau CarrerasCordoba
1978,Italy,Argentina,1,0,El Monumental - Estadio Monumental Antonio VespuciBuenos Aires
1978,Brazil,Austria,1,0,Estadio José María MinellaMar Del Plata
1978,Spain,Sweden,1,0,Jose AmalfitaniBuenos Aires
1978,Peru,IR Iran,4,1,Estadio Olímpico Chateau CarrerasCordoba
1978,Scotland,Netherlands,3,2,San MartinMendoza
1978,Germany FR,Italy,0,0,El Monumental - Estadio Monumental Antonio VespuciBuenos Aires
1978,Netherlands,Austria,5,1,Estadio Olímpico Chateau CarrerasCordoba
1978,Brazil,Peru,3,0,San MartinMendoza
1978,Argentina,Poland,2,0,Arroyito - Estadio Dr. Lisandro de la TorreRosario
1978,Poland,Peru,1,0,San MartinMendoza
1978,Italy,Austria,1,0,El Monumental - Estadio Monumental Antonio VespuciBuenos Aires
1978,Germany FR,Netherlands,2,2,Estadio Olímpico Chateau CarrerasCordoba
1978,Argentina,Brazil,0,0,Arroyito - Estadio Dr. Lisandro de la TorreRosario
1978,Netherlands,Italy,2,1,El Monumental - Estadio Monumental Antonio VespuciBuenos Aires
1978,Austria,Germany FR,3,2,Estadio Olímpico Chateau CarrerasCordoba
1978,Brazil,Poland,3,1,San MartinMendoza
1978,Argentina,Peru,6,0,Arroyito - Estadio Dr. Lisandro de la TorreRosario
1978,Brazil,Italy,2,1,El Monumental - Estadio Monumental Antonio VespuciBuenos Aires
1978,Argentina,Netherlands,3,1,El Monumental - Estadio Monumental Antonio VespuciBuenos Aires
1974,Brazil,Yugoslavia,0,0,WaldstadionFrankfurt/Main
1974,Germany FR,Chile,1,0,OlympiastadionBerlin West
1974,German DR,Australia,2,0,VolksparkstadionHamburg
1974,Zaire,Scotland,0,2,WestfalenstadionDortmund
1974,Uruguay,Netherlands,0,2,NiedersachsenstadionHanover
1974,Sweden,Bulgaria,0,0,RheinstadionDüSseldorf
1974,Italy,Haiti,3,1,OlympiastadionMunich
1974,Poland,Argentina,3,2,NeckarstadionStuttgart
1974,Australia,Germany FR,0,3,VolksparkstadionHamburg
1974,Scotland,Brazil,0,0,WaldstadionFrankfurt/Main
1974,Chile,German DR,1,1,OlympiastadionBerlin West
1974,Yugoslavia,Zaire,9,0,ParkstadionGelsenkirchen
1974,Netherlands,Sweden,0,0,WestfalenstadionDortmund
1974,Bulgaria,Uruguay,1,1,NiedersachsenstadionHanover
1974,Haiti,Poland,0,7,OlympiastadionMunich
1974,Argentina,Italy,1,1,NeckarstadionStuttgart
1974,Scotland,Yugoslavia,1,1,WaldstadionFrankfurt/Main
1974,Australia,Chile,0,0,OlympiastadionBerlin West
1974,Zaire,Brazil,0,3,ParkstadionGelsenkirchen
1974,German DR,Germany FR,1,0,VolksparkstadionHamburg
1974,Bulgaria,Netherlands,1,4,WestfalenstadionDortmund
1974,Argentina,Haiti,4,1,OlympiastadionMunich
1974,Sweden,Uruguay,3,0,RheinstadionDüSseldorf
1974,Poland,Italy,2,1,NeckarstadionStuttgart
1974,Yugoslavia,Germany FR,0,2,RheinstadionDüSseldorf
1974,Brazil,German DR,1,0,NiedersachsenstadionHanover
1974,Netherlands,Argentina,4,0,ParkstadionGelsenkirchen
1974,Sweden,Poland,0,1,NeckarstadionStuttgart
1974,Argentina,Brazil,1,2,NiedersachsenstadionHanover
1974,Poland,Yugoslavia,2,1,WaldstadionFrankfurt/Main
1974,German DR,Netherlands,0,2,ParkstadionGelsenkirchen
1974,Germany FR,Sweden,4,2,RheinstadionDüSseldorf
1974,Poland,Germany FR,0,1,WaldstadionFrankfurt/Main
1974,Netherlands,Brazil,2,0,WestfalenstadionDortmund
1974,Argentina,German DR,1,1,ParkstadionGelsenkirchen
1974,Sweden,Yugoslavia,2,1,RheinstadionDüSseldorf
1974,Brazil,Poland,0,1,OlympiastadionMunich
1974,Netherlands,Germany FR,1,2,OlympiastadionMunich
1970,Mexico,Soviet Union,0,0,Estadio AztecaMexico City
1970,Uruguay,Israel,2,0,CuauhtemocPuebla
1970,Peru,Bulgaria,3,2,Nou Camp - Estadio LeónLeon
1970,England,Romania,1,0,JaliscoGuadalajara
1970,Italy,Sweden,1,0,Luis DosalToluca
1970,Germany FR,Morocco,2,1,Nou Camp - Estadio LeónLeon
1970,Brazil,Czechoslovakia,4,1,JaliscoGuadalajara
1970,Belgium,El Salvador,3,0,Estadio AztecaMexico City
1970,Uruguay,Italy,0,0,CuauhtemocPuebla
1970,Peru,Morocco,3,0,Nou Camp - Estadio LeónLeon
1970,Romania,Czechoslovakia,2,1,JaliscoGuadalajara
1970,Soviet Union,Belgium,4,1,Estadio AztecaMexico City
1970,Sweden,Israel,1,1,Luis DosalToluca
1970,Germany FR,Bulgaria,5,2,Nou Camp - Estadio LeónLeon
1970,Brazil,England,1,0,JaliscoGuadalajara
1970,Mexico,El Salvador,4,0,Estadio AztecaMexico City
1970,Sweden,Uruguay,1,0,CuauhtemocPuebla
1970,Germany FR,Peru,3,1,Nou Camp - Estadio LeónLeon
1970,Brazil,Romania,3,2,JaliscoGuadalajara
1970,Soviet Union,El Salvador,2,0,Estadio AztecaMexico City
1970,Italy,Israel,0,0,Luis DosalToluca
1970,Bulgaria,Morocco,1,1,Nou Camp - Estadio LeónLeon
1970,England,Czechoslovakia,1,0,JaliscoGuadalajara
1970,Mexico,Belgium,1,0,Estadio AztecaMexico City
1970,Italy,Mexico,4,1,Luis DosalToluca
1970,Germany FR,England,3,2,Nou Camp - Estadio LeónLeon
1970,Brazil,Peru,4,2,JaliscoGuadalajara
1970,Uruguay,Soviet Union,1,0,Estadio AztecaMexico City
1970,Brazil,Uruguay,3,1,JaliscoGuadalajara
1970,Italy,Germany FR,4,3,Estadio AztecaMexico City
1970,Germany FR,Uruguay,1,0,Estadio AztecaMexico City
1970,Brazil,Italy,4,1,Estadio AztecaMexico City
1966,England,Uruguay,0,0,Wembley StadiumLondon
1966,Germany FR,Switzerland,5,0,HillsboroughSheffield
1966,Brazil,Bulgaria,2,0,Goodison ParkLiverpool
1966,Soviet Union,Korea DPR,3,0,Ayresome ParkMiddlesbrough
1966,France,Mexico,1,1,Wembley StadiumLondon
1966,Portugal,Hungary,3,1,Old Trafford StadiumManchester
1966,Argentina,Spain,2,1,Villa ParkBirmingham
1966,Italy,Chile,2,0,Roker Park GroundSunderland
1966,Uruguay,France,2,1,White CityLondon
1966,Spain,Switzerland,2,1,HillsboroughSheffield
1966,Hungary,Brazil,3,1,Goodison ParkLiverpool
1966,Korea DPR,Chile,1,1,Ayresome ParkMiddlesbrough
1966,Portugal,Bulgaria,3,0,Old Trafford StadiumManchester
1966,Germany FR,Argentina,0,0,Villa ParkBirmingham
1966,Soviet Union,Italy,1,0,Roker Park GroundSunderland
1966,England,Mexico,2,0,Wembley StadiumLondon
1966,Uruguay,Mexico,0,0,Wembley StadiumLondon
1966,Argentina,Switzerland,2,0,HillsboroughSheffield
1966,Portugal,Brazil,3,1,Goodison ParkLiverpool
1966,Korea DPR,Italy,1,0,Ayresome ParkMiddlesbrough
1966,England,France,2,0,Wembley StadiumLondon
1966,Hungary,Bulgaria,3,1,Old Trafford StadiumManchester
1966,Germany FR,Spain,2,1,Villa ParkBirmingham
1966,Soviet Union,Chile,2,1,Roker Park GroundSunderland
1966,England,Argentina,1,0,Wembley StadiumLondon
1966,Germany FR,Uruguay,4,0,HillsboroughSheffield
1966,Soviet Union,Hungary,2,1,Roker Park GroundSunderland
1966,Portugal,Korea DPR,5,3,Goodison ParkLiverpool
1966,Germany FR,Soviet Union,2,1,Goodison ParkLiverpool
1966,England,Portugal,2,1,Wembley StadiumLondon
1966,Portugal,Soviet Union,2,1,Wembley StadiumLondon
1966,England,Germany FR,4,2,Wembley StadiumLondon
1962,Uruguay,Colombia,2,1,Carlos DittbornArica
1962,Brazil,Mexico,2,0,Estadio SausalitoVina Del Mar
1962,Argentina,Bulgaria,1,0,Estadio El Teniente-CodelcoRancagua
1962,Chile,Switzerland,3,1,NacionalSantiago De Chile
1962,Soviet Union,Yugoslavia,2,0,Carlos DittbornArica
1962,Czechoslovakia,Spain,1,0,Estadio SausalitoVina Del Mar
1962,Hungary,England,2,1,Estadio El Teniente-CodelcoRancagua
1962,Germany FR,Italy,0,0,NacionalSantiago De Chile
1962,Yugoslavia,Uruguay,3,1,Carlos DittbornArica
1962,Brazil,Czechoslovakia,0,0,Estadio SausalitoVina Del Mar
1962,England,Argentina,3,1,Estadio El Teniente-CodelcoRancagua
1962,Chile,Italy,2,0,NacionalSantiago De Chile
1962,Soviet Union,Colombia,4,4,Carlos DittbornArica
1962,Spain,Mexico,1,0,Estadio SausalitoVina Del Mar
1962,Hungary,Bulgaria,6,1,Estadio El Teniente-CodelcoRancagua
1962,Germany FR,Switzerland,2,1,NacionalSantiago De Chile
1962,Soviet Union,Uruguay,2,1,Carlos DittbornArica
1962,Brazil,Spain,2,1,Estadio SausalitoVina Del Mar
1962,Hungary,Argentina,0,0,Estadio El Teniente-CodelcoRancagua
1962,Germany FR,Chile,2,0,NacionalSantiago De Chile
1962,Yugoslavia,Colombia,5,0,Carlos DittbornArica
1962,Mexico,Czechoslovakia,3,1,Estadio SausalitoVina Del Mar
1962,England,Bulgaria,0,0,Estadio El Teniente-CodelcoRancagua
1962,Italy,Switzerland,3,0,NacionalSantiago De Chile
1962,Chile,Soviet Union,2,1,Carlos DittbornArica
1962,Brazil,England,3,1,Estadio SausalitoVina Del Mar
1962,Czechoslovakia,Hungary,1,0,Estadio El Teniente-CodelcoRancagua
1962,Yugoslavia,Germany FR,1,0,NacionalSantiago De Chile
1962,Czechoslovakia,Yugoslavia,3,1,Estadio SausalitoVina Del Mar
1962,Brazil,Chile,4,2,NacionalSantiago De Chile
1962,Chile,Yugoslavia,1,0,NacionalSantiago De Chile
1962,Brazil,Czechoslovakia,3,1,NacionalSantiago De Chile
1958,Sweden,Mexico,3,0,Rasunda StadiumSolna
1958,Soviet Union,England,2,2,Nya UlleviGothenburg
1958,Argentina,Germany FR,1,3,Malmo StadionMalmö
1958,Hungary,Wales,1,1,JarnvallenSandviken
1958,France,Paraguay,7,3,IdrottsparkenNorrköPing
1958,Yugoslavia,Scotland,1,1,ArosvallenVasteras
1958,Brazil,Austria,3,0,RimnersvallenUdevalla
1958,Northern Ireland,Czechoslovakia,1,0,Orjans VallHalmstad
1958,Brazil,England,0,0,Nya UlleviGothenburg
1958,Mexico,Wales,1,1,Rasunda StadiumSolna
1958,Paraguay,Scotland,3,2,IdrottsparkenNorrköPing
1958,Yugoslavia,France,3,2,ArosvallenVasteras
1958,Soviet Union,Austria,2,0,RyavallenBoras
1958,Germany FR,Czechoslovakia,2,2,Olympia StadiumHelsingborg
1958,Argentina,Northern Ireland,3,1,Orjans VallHalmstad
1958,Sweden,Hungary,2,1,Rasunda StadiumSolna
1958,Sweden,Wales,0,0,Rasunda StadiumSolna
1958,Brazil,Soviet Union,2,0,Nya UlleviGothenburg
1958,Germany FR,Northern Ireland,2,2,Malmo StadionMalmö
1958,Hungary,Mexico,4,0,JarnvallenSandviken
1958,Paraguay,Yugoslavia,3,3,TunavallenEskilstuna
1958,France,Scotland,2,1,EyravallenOrebro
1958,England,Austria,2,2,RyavallenBoras
1958,Czechoslovakia,Argentina,6,1,Olympia StadiumHelsingborg
1958,Soviet Union,England,1,0,Nya UlleviGothenburg
1958,Northern Ireland,Czechoslovakia,2,1,Malmo StadionMalmö
1958,Wales,Hungary,2,1,Rasunda StadiumSolna
1958,Brazil,Wales,1,0,Nya UlleviGothenburg
1958,Germany FR,Yugoslavia,1,0,Malmo StadionMalmö
1958,Sweden,Soviet Union,2,0,Rasunda StadiumSolna
1958,France,Northern Ireland,4,0,IdrottsparkenNorrköPing
1958,Sweden,Germany FR,3,1,Nya UlleviGothenburg
1958,Brazil,France,5,2,Rasunda StadiumSolna
1958,France,Germany FR,6,3,Nya UlleviGothenburg
1958,Brazil,Sweden,5,2,Rasunda StadiumSolna
1954,Uruguay,Czechoslovakia,2,0,Wankdorf StadiumBerne
1954,Austria,Scotland,1,0,HardturmZurich
1954,Brazil,Mexico,5,0,CharmillesGeneva
1954,Yugoslavia,France,1,0,La PontaiseLausanne
1954,Germany FR,Turkey,4,1,Wankdorf StadiumBerne
1954,Hungary,Korea Republic,9,0,HardturmZurich
1954,England,Belgium,4,4,St. JakobBasel
1954,Switzerland,Italy,2,1,La PontaiseLausanne
1954,Uruguay,Scotland,7,0,St. JakobBasel
1954,Austria,Czechoslovakia,5,0,HardturmZurich
1954,France,Mexico,3,2,CharmillesGeneva
1954,Brazil,Yugoslavia,1,1,La PontaiseLausanne
1954,Hungary,Germany FR,8,3,St. JakobBasel
1954,Turkey,Korea Republic,7,0,CharmillesGeneva
1954,England,Switzerland,2,0,Wankdorf StadiumBerne
1954,Italy,Belgium,4,1,Comunale di CornaredoLugano
1954,Germany FR,Turkey,7,2,HardturmZurich
1954,Switzerland,Italy,4,1,St. JakobBasel
1954,Uruguay,England,4,2,St. JakobBasel
1954,Austria,Switzerland,7,5,La PontaiseLausanne
1954,Germany FR,Yugoslavia,2,0,CharmillesGeneva
1954,Hungary,Brazil,4,2,Wankdorf StadiumBerne
1954,Germany FR,Austria,6,1,St. JakobBasel
1954,Hungary,Uruguay,4,2,La PontaiseLausanne
1954,Austria,Uruguay,3,1,HardturmZurich
1954,Germany FR,Hungary,3,2,Wankdorf StadiumBerne
1950,Brazil,Mexico,4,0,'Maracanã - Estádio Jornalista Mário FilhoRio De Janeiro
1950,England,Chile,2,0,'Maracanã - Estádio Jornalista Mário FilhoRio De Janeiro
1950,Spain,USA,3,1,Durival de BritoCuritiba
1950,Sweden,Italy,3,2,PacaembuSao Paulo
1950,Yugoslavia,Switzerland,3,0,IndependenciaBelo Horizonte
1950,Brazil,Switzerland,2,2,PacaembuSao Paulo
1950,Yugoslavia,Mexico,4,1,EucaliptosPorto Alegre
1950,Spain,Chile,2,0,'Maracanã - Estádio Jornalista Mário FilhoRio De Janeiro
1950,Sweden,Paraguay,2,2,Durival de BritoCuritiba
1950,USA,England,1,0,IndependenciaBelo Horizonte
1950,Brazil,Yugoslavia,2,0,'Maracanã - Estádio Jornalista Mário FilhoRio De Janeiro
1950,Spain,England,1,0,'Maracanã - Estádio Jornalista Mário FilhoRio De Janeiro
1950,Italy,Paraguay,2,0,PacaembuSao Paulo
1950,Uruguay,Bolivia,8,0,IndependenciaBelo Horizonte
1950,Switzerland,Mexico,2,1,EucaliptosPorto Alegre
1950,Chile,USA,5,2,Ilha do RetiroRecife
1950,Uruguay,Spain,2,2,PacaembuSao Paulo
1950,Brazil,Sweden,7,1,'Maracanã - Estádio Jornalista Mário FilhoRio De Janeiro
1950,Brazil,Spain,6,1,'Maracanã - Estádio Jornalista Mário FilhoRio De Janeiro
1950,Uruguay,Sweden,3,2,PacaembuSao Paulo
1950,Sweden,Spain,3,1,PacaembuSao Paulo
1950,Uruguay,Brazil,2,1,'Maracanã - Estádio Jornalista Mário FilhoRio De Janeiro
1938,Switzerland,Germany,1,1,Parc des PrincesParis
1938,Hungary,Dutch East Indies,6,0,Velodrome MunicipaleReims
1938,France,Belgium,3,1,Stade OlympiqueColombes
1938,Cuba,Romania,3,3,Stade MunicipalToulouse
1938,Italy,Norway,2,1,Stade VélodromeMarseilles
1938,Brazil,Poland,6,5,Stade de la MeinauStrasbourg
1938,Czechoslovakia,Netherlands,3,0,Cavee VerteLe Havre
1938,Cuba,Romania,2,1,Stade MunicipalToulouse
1938,Switzerland,Germany,4,2,Parc des PrincesParis
1938,Brazil,Czechoslovakia,1,1,Stade du Parc LescureBordeaux
1938,Hungary,Switzerland,2,0,Victor BoucqueyLille
1938,Sweden,Cuba,8,0,Fort CarreeAntibes
1938,Italy,France,3,1,Stade OlympiqueColombes
1938,Brazil,Czechoslovakia,2,1,Stade du Parc LescureBordeaux
1938,Hungary,Sweden,5,1,Parc des PrincesParis
1938,Italy,Brazil,2,1,Orange VélodromeMarseilles
1938,Brazil,Sweden,4,2,Stade du Parc LescureBordeaux
1938,Italy,Hungary,4,2,Stade OlympiqueColombes
1934,Austria,France,3,2,Stadio Benito MussoliniTurin
1934,Hungary,Egypt,4,2,Giorgio AscarelliNaples
1934,Switzerland,Netherlands,3,2,San SiroMilan
1934,Sweden,Argentina,3,2,LittoraleBologna
1934,Germany,Belgium,5,2,Giovanni BertaFlorence
1934,Spain,Brazil,3,1,Luigi FerrarisGenoa
1934,Italy,USA,7,1,Nazionale PNFRome
1934,Czechoslovakia,Romania,2,1,LittorioTrieste
1934,Czechoslovakia,Switzerland,3,2,Stadio Benito MussoliniTurin
1934,Germany,Sweden,2,1,San SiroMilan
1934,Italy,Spain,1,1,Giovanni BertaFlorence
1934,Austria,Hungary,2,1,LittoraleBologna
1934,Italy,Spain,1,0,Giovanni BertaFlorence
1934,Italy,Austria,1,0,San SiroMilan
1934,Czechoslovakia,Germany,3,1,Nazionale PNFRome
1934,Germany,Austria,3,2,Giorgio AscarelliNaples
1934,Italy,Czechoslovakia,2,1,Nazionale PNFRome
1930,France,Mexico,4,1,PocitosMontevideo
1930,USA,Belgium,3,0,Parque CentralMontevideo
1930,Yugoslavia,Brazil,2,1,Parque CentralMontevideo
1930,Romania,Peru,3,1,PocitosMontevideo
1930,Argentina,France,1,0,Parque CentralMontevideo
1930,Chile,Mexico,3,0,Parque CentralMontevideo
1930,Yugoslavia,Bolivia,4,0,Parque CentralMontevideo
1930,USA,Paraguay,3,0,Parque CentralMontevideo
1930,Uruguay,Peru,1,0,Estadio CentenarioMontevideo
1930,Chile,France,1,0,Estadio CentenarioMontevideo
1930,Argentina,Mexico,6,3,Estadio CentenarioMontevideo
1930,Brazil,Bolivia,4,0,Estadio CentenarioMontevideo
1930,Paraguay,Belgium,1,0,Estadio CentenarioMontevideo
1930,Uruguay,Romania,4,0,Estadio CentenarioMontevideo
1930,Argentina,Chile,3,1,Estadio CentenarioMontevideo
1930,Argentina,USA,6,1,Estadio CentenarioMontevideo
1930,Uruguay,Yugoslavia,6,1,Estadio CentenarioMontevideo
1930,Uruguay,Argentina,4,2,Estadio CentenarioMontevideo
